-- USER
-- appuser
INSERT INTO public.appuser (user_id, createdby, createddate, isdeleted, lastedmodifiedby, lastedmodifieddate, address, email, fullname, identitycardurl, identitynumber, istokenused, latitude, longitude, password, phonenumber, postcode, randomtokenresetpassword, streetnumber, username) VALUES ('user48', null, null, false, null, null, 'Xô Viết Nghệ Tĩnh, Hòa Cường Nam, Hải Châu, Đà Nẵng', 'daotanhai123@gmail.com', 'Dao Tan Hai', null, '123123123123', false, 16.0331829, 108.2236309, '$2a$10$GTxbDVBwdS8r5e9/1r7SQ.JFznMFEtnSaX9ChFIlIcKp7NtFabEsy', '0334463258', '550000', null, '10', 'admin123456789');
INSERT INTO public.appuser (user_id, createdby, createddate, isdeleted, lastedmodifiedby, lastedmodifieddate, address, email, fullname, identitycardurl, identitynumber, istokenused, latitude, longitude, password, phonenumber, postcode, randomtokenresetpassword, streetnumber, username) VALUES ('user35', null, null, true, null, null, '21 An Thuong 38, My An, Ngu Hanh Son', 'daotanhai123@gmail.com', 'Dao Tan Hai', '[https://s3.ap-southeast-1.amazonaws.com/odc19/1659113680880-151541430_756850261860771_5708339025380370614_n.jpg]', '123123123123', false, 16.0501999, 108.2445752, '$2a$10$bwkJk651lw0xxYc/cRkBPu5a336f0ftouDMGDJX1Qf2PTEv5JEbGW', '0334463258', '550000', null, '21', 'informationUser10');
INSERT INTO public.appuser (user_id, createdby, createddate, isdeleted, lastedmodifiedby, lastedmodifieddate, address, email, fullname, identitycardurl, identitynumber, istokenused, latitude, longitude, password, phonenumber, postcode, randomtokenresetpassword, streetnumber, username) VALUES ('user32', null, null, true, null, null, '21 An Thuong 38, My An, Ngu Hanh Son', 'daotanhai123@gmail.com', '0334463258', '[https://s3.ap-southeast-1.amazonaws.com/odc19/1659112679689-BingImageOfTheDay.jpg, https://s3.ap-southeast-1.amazonaws.com/odc19/1659112681039-BingImageOfTheDay_2.jpg, https://s3.ap-southeast-1.amazonaws.com/odc19/1659112681283-Picture1.png]', '123123123123123', false, 16.0501999, 108.2445752, '$2a$10$ElGCghidaDXvpcXlBM6E1O694eJUYFdSYodu7TcfzaQ73A02FHyw.', '0334463258', '550000', null, '21', 'informationUser3');
INSERT INTO public.appuser (user_id, createdby, createddate, isdeleted, lastedmodifiedby, lastedmodifieddate, address, email, fullname, identitycardurl, identitynumber, istokenused, latitude, longitude, password, phonenumber, postcode, randomtokenresetpassword, streetnumber, username) VALUES ('user3', null, null, false, null, null, 'An Thuong 38, My An, Ngu Hanh Son', 'daotanhai123@gmail.com', 'Dao Tan HaiEDIT', null, null, false, 16.0501391, 108.2447556, '$2a$10$3KokpsVK8Y7uefCgzRGAcu71QJonK4BCabJisM2ZV1RnKbqO/YCsy', '0334463258', '550000', 'qoSfEwKWOLcPKPn0oE5FYYSIDSCLJ89IRwyrH0sHtIDNJrUwzl', '30', 'admin');
INSERT INTO public.appuser (user_id, createdby, createddate, isdeleted, lastedmodifiedby, lastedmodifieddate, address, email, fullname, identitycardurl, identitynumber, istokenused, latitude, longitude, password, phonenumber, postcode, randomtokenresetpassword, streetnumber, username) VALUES ('user31', null, null, false, null, null, 'Xô Viết Nghệ Tĩnh, Hòa Cường Nam, Hải Châu, Đà Nẵng', 'daotanhai12345@gmail.com', 'Dao Tan Hai123', '[https://s3.ap-southeast-1.amazonaws.com/odc19/1659263157307-BingImageOfTheDay.jpg, https://s3.ap-southeast-1.amazonaws.com/odc19/1659263160201-BingImageOfTheDay_2.jpg]', '123123123123', false, 16.0331829, 108.2236309, '$2a$10$NM1U5vLwlRTUk0R45KFTYOLtowiKtCxDAoZvMG2RdncHbCLHeiEc.', '03344632589', '550000', null, '10', 'user');
INSERT INTO public.appuser (user_id, createdby, createddate, isdeleted, lastedmodifiedby, lastedmodifieddate, address, email, fullname, identitycardurl, identitynumber, istokenused, latitude, longitude, password, phonenumber, postcode, randomtokenresetpassword, streetnumber, username) VALUES ('user25', null, null, true, null, null, 'An Thuong 38, My An, Ngu Hanh Son', 'daotanhai123@gmail.com', 'Dao Tan Hai', '[https://s3.ap-southeast-1.amazonaws.com/odc19/1658794366372-BingImageOfTheDay.jpg, https://s3.ap-southeast-1.amazonaws.com/odc19/1658794367619-BingImageOfTheDay_2.jpg]', '123123123', false, 16.0501999, 108.2445752, '$2a$10$UJP5vYC0ZpDT.MIT8iU93uTgf85Cks1I4yOKHw2lya7B6sGeu8jY6', '0334463258', '550000', null, '21', 'informationUser');
INSERT INTO public.appuser (user_id, createdby, createddate, isdeleted, lastedmodifiedby, lastedmodifieddate, address, email, fullname, identitycardurl, identitynumber, istokenused, latitude, longitude, password, phonenumber, postcode, randomtokenresetpassword, streetnumber, username) VALUES ('user28', null, null, true, null, null, 'An Thuong 38, My An, Ngu Hanh Son', 'daotanhai123@gmail.com', 'Dao Tan Hai', '[https://s3.ap-southeast-1.amazonaws.com/odc19/1658938060982-BingImageOfTheDay_2.jpg]', '12312121212', false, 16.0501999, 108.2445752, '$2a$10$1cN7DBPXTOJxxE2R.sdkbOqVhMF1Of.qDjZ8GvMggyStKNwHftY5G', '0334463258', '550000', null, '21', 'informationUser2');
INSERT INTO public.appuser (user_id, createdby, createddate, isdeleted, lastedmodifiedby, lastedmodifieddate, address, email, fullname, identitycardurl, identitynumber, istokenused, latitude, longitude, password, phonenumber, postcode, randomtokenresetpassword, streetnumber, username) VALUES ('user29', null, null, true, null, null, 'An Thuong 38, My An, Ngu Hanh Son', 'daotanhai123@gmail.com', 'Dao Tan Hai', '[https://s3.ap-southeast-1.amazonaws.com/odc19/1658945363275-151541430_756850261860771_5708339025380370614_n.jpg]', null, false, null, null, '$2a$10$QZ5/RHcQvL9EH4Uffvmd7eH8Ym7X2BSM.zyih8FiPB1P6BeIHh0AG', '0334463258', '550000', null, '21', 'admin12345');
INSERT INTO public.appuser (user_id, createdby, createddate, isdeleted, lastedmodifiedby, lastedmodifieddate, address, email, fullname, identitycardurl, identitynumber, istokenused, latitude, longitude, password, phonenumber, postcode, randomtokenresetpassword, streetnumber, username) VALUES ('user49', null, null, false, null, null, 'Xô Viết Nghệ Tĩnh, Hòa Cường Nam, Hải Châu, Đà Nẵng', 'daotanhai123@gmail.com', 'Dao Tan Hai', null, '123123123123', false, 16.0331829, 108.2236309, '$2a$10$zPkhpbW17yJwHoVx1L4jmea1Q5XW0oWTCofTM6Dym2lp1bYgcyXM.', '0334463258', '550000', null, '10', 'admin123456789012');
INSERT INTO public.appuser (user_id, createdby, createddate, isdeleted, lastedmodifiedby, lastedmodifieddate, address, email, fullname, identitycardurl, identitynumber, istokenused, latitude, longitude, password, phonenumber, postcode, randomtokenresetpassword, streetnumber, username) VALUES ('user30', null, null, true, null, null, 'Xô Viết Nghệ Tĩnh, Hòa Cường Nam, Hải Châu, Đà Nẵng', 'daotanhai12345123@gmail.com', 'Dao Tan Hai123', '[https://s3.ap-southeast-1.amazonaws.com/odc19/1658945203165-BingImageOfTheDay.jpg]', null, false, null, null, '$2a$10$c1u2v.5bZJxHYBGJ7Z7gfeEsoR24WM367RqPoydlqSJ4IlbTv8F3y', '03344632589', '550000', null, '10', '1111122');
INSERT INTO public.appuser (user_id, createdby, createddate, isdeleted, lastedmodifiedby, lastedmodifieddate, address, email, fullname, identitycardurl, identitynumber, istokenused, latitude, longitude, password, phonenumber, postcode, randomtokenresetpassword, streetnumber, username) VALUES ('user33', null, null, true, null, null, '21 An Thuong 38, My An, Ngu Hanh Son', 'daotanhai123@gmail.com', 'Dao Tan Hai', '[https://s3.ap-southeast-1.amazonaws.com/odc19/1659113508436-151541430_756850261860771_5708339025380370614_n.jpg]', '123123123123', false, 16.0501999, 108.2445752, '$2a$10$UzEFkZi1vENWty/z5VmTiOghx0zU6MnUmH1TOewBjUj/6ZJP2oqIK', '0334463258', '550000', null, '21', 'informationUser4');
INSERT INTO public.appuser (user_id, createdby, createddate, isdeleted, lastedmodifiedby, lastedmodifieddate, address, email, fullname, identitycardurl, identitynumber, istokenused, latitude, longitude, password, phonenumber, postcode, randomtokenresetpassword, streetnumber, username) VALUES ('user44', null, null, true, null, null, '21 An Thuong 38, My An, Ngu Hanh Son', 'daotanhai123@gmail.com', 'Dao Tan Hai', null, '123123123123', false, 16.0501999, 108.2445752, '$2a$10$5i06aIH0GqDs5vPN3gRboed8Ycfm91Odg5bsLwJtKOdi39j5pFPMi', '0334463258', '550000', null, '30', 'informationUser465465465');
INSERT INTO public.appuser (user_id, createdby, createddate, isdeleted, lastedmodifiedby, lastedmodifieddate, address, email, fullname, identitycardurl, identitynumber, istokenused, latitude, longitude, password, phonenumber, postcode, randomtokenresetpassword, streetnumber, username) VALUES ('user43', null, null, true, null, null, '21 An Thuong 38, My An, Ngu Hanh Son', 'daotanhai123@gmail.com', 'Dao Tan Hai', null, '123123123123', false, 16.0501999, 108.2445752, '$2a$10$cf3MwXhQ6dGf1nONwAhNdOChRxpCf8FjLJ8kQl1XfRjSvu61OZMPu', '0334463258', '550000', null, '123', 'informationUser1122112');
INSERT INTO public.appuser (user_id, createdby, createddate, isdeleted, lastedmodifiedby, lastedmodifieddate, address, email, fullname, identitycardurl, identitynumber, istokenused, latitude, longitude, password, phonenumber, postcode, randomtokenresetpassword, streetnumber, username) VALUES ('user42', null, null, true, null, null, '21 An Thuong 38, My An, Ngu Hanh Son', 'daotanhai123@gmail.com', 'Dao Tan Hai', null, '123123123123', false, 16.0501999, 108.2445752, '$2a$10$o6MedeRK9g/gE.dWS4XAMeJ8w5A/T8x8/PkCUqv7xNRRIWtfRSu9G', '0334463258', '550000', null, '123', 'informationUser1515');
INSERT INTO public.appuser (user_id, createdby, createddate, isdeleted, lastedmodifiedby, lastedmodifieddate, address, email, fullname, identitycardurl, identitynumber, istokenused, latitude, longitude, password, phonenumber, postcode, randomtokenresetpassword, streetnumber, username) VALUES ('user41', null, null, true, null, null, '21 An Thuong 38, My An, Ngu Hanh Son', 'daotanhai123@gmail.com', 'Dao Tan Hai', null, '123123123123', false, 16.0501999, 108.2445752, '$2a$10$CmcdkzKkmZsWsATNJvKZ2O0IfZFeig010fJaqznIl7bM1ya88FIqe', '0334463258', '550000', null, '21', 'informationUser123123');
INSERT INTO public.appuser (user_id, createdby, createddate, isdeleted, lastedmodifiedby, lastedmodifieddate, address, email, fullname, identitycardurl, identitynumber, istokenused, latitude, longitude, password, phonenumber, postcode, randomtokenresetpassword, streetnumber, username) VALUES ('user40', null, null, true, null, null, '21 An Thuong 38, My An, Ngu Hanh Son', 'daotanhai123@gmail.com', 'Dao Tan Hai', null, '123123123123', false, 16.0501999, 108.2445752, '$2a$10$jbRuIk3XOFXHKn3m8/zAb.048HmZS6vlSKemyFhqfsvLxzCUNSc/u', '0334463258', '550000', null, '21', 'informationUser12112');
INSERT INTO public.appuser (user_id, createdby, createddate, isdeleted, lastedmodifiedby, lastedmodifieddate, address, email, fullname, identitycardurl, identitynumber, istokenused, latitude, longitude, password, phonenumber, postcode, randomtokenresetpassword, streetnumber, username) VALUES ('user39', null, null, true, null, null, '21 An Thuong 38, My An, Ngu Hanh Son', 'daotanhai123@gmail.com', 'Dao Tan Hai', null, '123123123123', false, 16.0501999, 108.2445752, '$2a$10$VBASjMvQGdi2sofXJ9CePOk/J9cMUZx2sZo9NoKZB8/eyNxKjyIbG', '0334463258', '550000', null, '21', 'informationUser151');
INSERT INTO public.appuser (user_id, createdby, createddate, isdeleted, lastedmodifiedby, lastedmodifieddate, address, email, fullname, identitycardurl, identitynumber, istokenused, latitude, longitude, password, phonenumber, postcode, randomtokenresetpassword, streetnumber, username) VALUES ('user38', null, null, true, null, null, '21 An Thuong 38, My An, Ngu Hanh Son', 'daotanhai123@gmail.com', 'Dao Tan Hai', null, '123123123123', false, 16.0501999, 108.2445752, '$2a$10$9ffQ5EhzMQZiC6MvUxDW7OdzTcoc7MeqSgw7OQmU970bGHM.JQjEi', '0334463258', '550000', null, '21', 'informationUser1231');
INSERT INTO public.appuser (user_id, createdby, createddate, isdeleted, lastedmodifiedby, lastedmodifieddate, address, email, fullname, identitycardurl, identitynumber, istokenused, latitude, longitude, password, phonenumber, postcode, randomtokenresetpassword, streetnumber, username) VALUES ('user37', null, null, true, null, null, '21 An Thuong 38, My An, Ngu Hanh Son', 'daotanhai123@gmail.com', 'Dao Tan Hai', null, '123123123123', false, 16.0501999, 108.2445752, '$2a$10$lZQW/ThmX4y.iZLiEnfGZepX6xtRrgcjj4rTH2AKX0fuqP43FijT.', '0334463258', '550000', null, '123', 'informationUser15');
INSERT INTO public.appuser (user_id, createdby, createddate, isdeleted, lastedmodifiedby, lastedmodifieddate, address, email, fullname, identitycardurl, identitynumber, istokenused, latitude, longitude, password, phonenumber, postcode, randomtokenresetpassword, streetnumber, username) VALUES ('user36', null, null, true, null, null, '21 An Thuong 38, My An, Ngu Hanh Son', 'daotanhai123@gmail.com', 'Dao Tan Hai', null, '123123123123', false, 16.0501999, 108.2445752, '$2a$10$S849KSuHcvPD4O5JG/qn5.u0WHWPB7iip7VaxwXeHsEKfve5B3Gn6', '0334463258', '550000', null, '21', 'informationUser11');
INSERT INTO public.appuser (user_id, createdby, createddate, isdeleted, lastedmodifiedby, lastedmodifieddate, address, email, fullname, identitycardurl, identitynumber, istokenused, latitude, longitude, password, phonenumber, postcode, randomtokenresetpassword, streetnumber, username) VALUES ('user45', null, null, false, null, null, 'Xô Viết Nghệ Tĩnh, Hòa Cường Nam, Hải Châu, Đà Nẵng', 'daotanhai12345@gmail.com', 'Dao Tan Hai123', null, null, false, 16.0331829, 108.2236309, '$2a$10$7J9EQQAYt0rKDA4BLpIn.e1RZkhwNi9z7.YI1L8ctx88RaVb1a/ey', '03344632589', '550000', null, '10', 'userDtanHai');
INSERT INTO public.appuser (user_id, createdby, createddate, isdeleted, lastedmodifiedby, lastedmodifieddate, address, email, fullname, identitycardurl, identitynumber, istokenused, latitude, longitude, password, phonenumber, postcode, randomtokenresetpassword, streetnumber, username) VALUES ('user34', null, null, true, null, null, '21 An Thuong 38, My An, Ngu Hanh Son', 'daotanhai123@gmail.com', 'Dao Tan Hai', '[https://s3.ap-southeast-1.amazonaws.com/odc19/1659113608631-151541430_756850261860771_5708339025380370614_n.jpg]', '123123123123', false, 16.0501999, 108.2445752, '$2a$10$TPCa6B.5pFz/PNMYhonAj.Kn8F18QGanPXwavaL/a4p4rshxC9VpC', '0334463258', '550000', null, '21', 'informationUser5');
INSERT INTO public.appuser (user_id, createdby, createddate, isdeleted, lastedmodifiedby, lastedmodifieddate, address, email, fullname, identitycardurl, identitynumber, istokenused, latitude, longitude, password, phonenumber, postcode, randomtokenresetpassword, streetnumber, username) VALUES ('user46', null, null, false, null, null, 'Xô Viết Nghệ Tĩnh, Hòa Cường Nam, Hải Châu, Đà Nẵng', 'daotanhai123@gmail.com', 'Dao Tan Hai', null, '123123123123', false, 16.0331829, 108.2236309, '$2a$10$8L5spQFBy7KnZ0MFJVQJvuuVXtRVTSDes8dT585QMQhnxSoh2YfWy', '0334463258', '550000', null, '10', 'admin1234');
INSERT INTO public.appuser (user_id, createdby, createddate, isdeleted, lastedmodifiedby, lastedmodifieddate, address, email, fullname, identitycardurl, identitynumber, istokenused, latitude, longitude, password, phonenumber, postcode, randomtokenresetpassword, streetnumber, username) VALUES ('user47', null, null, false, null, null, 'Xô Viết Nghệ Tĩnh, Hòa Cường Nam, Hải Châu, Đà Nẵng', 'daotanhai123@gmail.com', 'Dao Tan Hai', null, '123123123123', false, 16.0331829, 108.2236309, '$2a$10$79yWLcmU42Yinz7QGNpCOeOwJj5kM3R8DgTLdX0p87CJoA/0sGFlK', '0334463258', '550000', null, '10', 'admin123456');
INSERT INTO public.appuser (user_id, createdby, createddate, isdeleted, lastedmodifiedby, lastedmodifieddate, address, email, fullname, identitycardurl, identitynumber, istokenused, latitude, longitude, password, phonenumber, postcode, randomtokenresetpassword, streetnumber, username) VALUES ('user27', null, null, false, null, null, 'An Thuong 38, My An, Ngu Hanh Son', 'daotanhai123@gmail.com', 'Dao Tan HaiEDIT', null, null, false, 16.0501391, 108.2447556, '$2a$10$KNsMmI7AqwTETHp5gMw3Leui3tCsE0v./sljlujimXWyo6uOTo59O', '0334463258', '550000', null, '30', 'testUpdateUser');
INSERT INTO public.appuser (user_id, createdby, createddate, isdeleted, lastedmodifiedby, lastedmodifieddate, address, email, fullname, identitycardurl, identitynumber, istokenused, latitude, longitude, password, phonenumber, postcode, randomtokenresetpassword, streetnumber, username) VALUES ('user26', null, null, false, null, null, 'An Thuong 38, My An, Ngu Hanh Son', 'daotanhai123@gmail.com', 'Dao Tan Hai', '[https://s3.ap-southeast-1.amazonaws.com/odc19/1658945306006-Picture1.png]', null, false, null, null, '$2a$10$YrATcja0RlkYpxyESaRaT.yjjwtXPjlSP/PF4XAuJHZRGzHdpEgsm', '0334463258', '550000', null, '21', 'testDeleteUser');
-- role
INSERT INTO public.role (role_id, createdby, createddate, isdeleted, lastedmodifiedby, lastedmodifieddate, roledescription, rolename) VALUES ('role_4', null, null, false, null, null, 'Using services of application', 'NormalUser');
INSERT INTO public.role (role_id, createdby, createddate, isdeleted, lastedmodifiedby, lastedmodifieddate, roledescription, rolename) VALUES ('role_3', null, null, false, null, null, 'Provide goods, bills and advices for customer', 'ShopOwner');
INSERT INTO public.role (role_id, createdby, createddate, isdeleted, lastedmodifiedby, lastedmodifieddate, roledescription, rolename) VALUES ('role_2', null, null, false, null, null, 'All operators related to shipping goods and retrieve cash', 'Shipper');
INSERT INTO public.role (role_id, createdby, createddate, isdeleted, lastedmodifiedby, lastedmodifieddate, roledescription, rolename) VALUES ('role_1', null, null, false, null, null, 'Administrator for all operations related to accounts', 'Admin');
-- user-role

INSERT INTO public.appuser (user_id, createdby, createddate, isdeleted, lastedmodifiedby, lastedmodifieddate, address, email, fullname, identitycardurl, identitynumber, istokenused, latitude, longitude, password, phonenumber, postcode, randomtokenresetpassword, streetnumber, username) VALUES ('user1', null, null, false, null, null, 'An Thuong 38, My An, Ngu Hanh Son', 'daotanhai123@gmail.com', 'Dao Tan Hai', '[https://s3.ap-southeast-1.amazonaws.com/odc19/1658945306006-Picture1.png]', null, false, null, null, '$2a$10$3KokpsVK8Y7uefCgzRGAcu71QJonK4BCabJisM2ZV1RnKbqO/YCsy', '0334463258', '550000', null, '21', 'admin');
INSERT INTO public.user_role (user_id, role_id) VALUES ('user1', 'role_1');



INSERT INTO public.user_role (user_id, role_id) VALUES ('user3', 'role_1');
INSERT INTO public.user_role (user_id, role_id) VALUES ('user25', 'role_4');
INSERT INTO public.user_role (user_id, role_id) VALUES ('user26', 'role_4');
INSERT INTO public.user_role (user_id, role_id) VALUES ('user28', 'role_4');
INSERT INTO public.user_role (user_id, role_id) VALUES ('user29', 'role_4');
INSERT INTO public.user_role (user_id, role_id) VALUES ('user30', 'role_4');
INSERT INTO public.user_role (user_id, role_id) VALUES ('user31', 'role_4');
INSERT INTO public.user_role (user_id, role_id) VALUES ('user32', 'role_4');
INSERT INTO public.user_role (user_id, role_id) VALUES ('user33', 'role_4');
INSERT INTO public.user_role (user_id, role_id) VALUES ('user34', 'role_4');
INSERT INTO public.user_role (user_id, role_id) VALUES ('user35', 'role_4');
INSERT INTO public.user_role (user_id, role_id) VALUES ('user36', 'role_4');
INSERT INTO public.user_role (user_id, role_id) VALUES ('user37', 'role_4');
INSERT INTO public.user_role (user_id, role_id) VALUES ('user38', 'role_4');
INSERT INTO public.user_role (user_id, role_id) VALUES ('user39', 'role_4');
INSERT INTO public.user_role (user_id, role_id) VALUES ('user40', 'role_4');
INSERT INTO public.user_role (user_id, role_id) VALUES ('user41', 'role_4');
INSERT INTO public.user_role (user_id, role_id) VALUES ('user42', 'role_4');
INSERT INTO public.user_role (user_id, role_id) VALUES ('user43', 'role_4');
INSERT INTO public.user_role (user_id, role_id) VALUES ('user44', 'role_4');
INSERT INTO public.user_role (user_id, role_id) VALUES ('user45', 'role_4');
INSERT INTO public.user_role (user_id, role_id) VALUES ('user46', 'role_4');
INSERT INTO public.user_role (user_id, role_id) VALUES ('user47', 'role_4');
INSERT INTO public.user_role (user_id, role_id) VALUES ('user27', 'role_1');
INSERT INTO public.user_role (user_id, role_id) VALUES ('user27', 'role_3');
INSERT INTO public.user_role (user_id, role_id) VALUES ('user3', 'role_3');
INSERT INTO public.user_role (user_id, role_id) VALUES ('user48', 'role_4');
INSERT INTO public.user_role (user_id, role_id) VALUES ('user3', 'role_2');
INSERT INTO public.user_role (user_id, role_id) VALUES ('user49', 'role_4');

-- BILLING
-- billing
INSERT INTO public.billing (bill_id, createdby, createddate, isdeleted, lastedmodifiedby, lastedmodifieddate, customerid, delivertoaddress, description, goodsidstringlist, medicalshopid, note, paymentmethod, shipperid, totalprice, ispaymentconfirmed, isdelivered) VALUES ('bill1', null, null, false, null, null, null, null, null, null, null, null, null, null, null, false, false);
INSERT INTO public.billing (bill_id, createdby, createddate, isdeleted, lastedmodifiedby, lastedmodifieddate, customerid, delivertoaddress, description, goodsidstringlist, medicalshopid, note, paymentmethod, shipperid, totalprice, ispaymentconfirmed, isdelivered) VALUES ('bill2', null, null, false, null, null, null, null, null, null, null, null, null, null, null, false, false);
INSERT INTO public.billing (bill_id, createdby, createddate, isdeleted, lastedmodifiedby, lastedmodifieddate, customerid, delivertoaddress, description, goodsidstringlist, medicalshopid, note, paymentmethod, shipperid, totalprice, ispaymentconfirmed, isdelivered) VALUES ('bill3', null, null, false, null, null, 'user3', null, null, 'goods1', 'medical_shop2', null, null, null, null, false, false);
INSERT INTO public.billing (bill_id, createdby, createddate, isdeleted, lastedmodifiedby, lastedmodifieddate, customerid, delivertoaddress, description, goodsidstringlist, medicalshopid, note, paymentmethod, shipperid, totalprice, ispaymentconfirmed, isdelivered) VALUES ('bill4', null, null, false, null, null, 'user3', null, null, 'goods1', 'medical_shop2', null, null, null, null, false, false);
INSERT INTO public.billing (bill_id, createdby, createddate, isdeleted, lastedmodifiedby, lastedmodifieddate, customerid, delivertoaddress, description, goodsidstringlist, medicalshopid, note, paymentmethod, shipperid, totalprice, ispaymentconfirmed, isdelivered) VALUES ('bill5', null, null, false, null, null, 'user3', null, null, 'goods1', 'medical_shop2', null, null, null, null, false, false);
INSERT INTO public.billing (bill_id, createdby, createddate, isdeleted, lastedmodifiedby, lastedmodifieddate, customerid, delivertoaddress, description, goodsidstringlist, medicalshopid, note, paymentmethod, shipperid, totalprice, ispaymentconfirmed, isdelivered) VALUES ('bill6', null, null, false, null, null, 'user3', null, null, 'goods1', 'medical_shop2', null, null, null, null, false, false);
INSERT INTO public.billing (bill_id, createdby, createddate, isdeleted, lastedmodifiedby, lastedmodifieddate, customerid, delivertoaddress, description, goodsidstringlist, medicalshopid, note, paymentmethod, shipperid, totalprice, ispaymentconfirmed, isdelivered) VALUES ('bill7', null, null, false, null, null, 'user26', '21 An Thuong 38, My An, Ngu Hanh Son', 'don hang mua thuoc nek ', 'goods1, goods2, goods3', 'medical_shop2', 'Ship nhanh giup em nha!', 'paypal', 'user3', 300, true, false);
-- BOOKING
INSERT INTO public.booking (booking_id, createdby, createddate, isdeleted, lastedmodifiedby, lastedmodifieddate, bookingdate, bookingtime, customerid, description, isconfirmed, medicalshopid, purpose, startdate) VALUES ('booking1', null, null, false, null, null, null, null, 'user3', 'New Booking new', false, 'medical_shop2', 'Booking kham benh ne', '2019-04-02 11:45:00.000000');
INSERT INTO public.booking (booking_id, createdby, createddate, isdeleted, lastedmodifiedby, lastedmodifieddate, bookingdate, bookingtime, customerid, description, isconfirmed, medicalshopid, purpose, startdate) VALUES ('booking2', null, null, false, null, null, null, null, 'user3', 'New Booking new', false, 'medical_shop2', 'Booking kham benh ne', '2019-04-02 11:45:00.000000');
INSERT INTO public.booking (booking_id, createdby, createddate, isdeleted, lastedmodifiedby, lastedmodifieddate, bookingdate, bookingtime, customerid, description, isconfirmed, medicalshopid, purpose, startdate) VALUES ('booking4', null, null, false, null, null, null, null, 'user3', 'New Booking new', false, 'medical_shop2', 'Booking kham benh ne', '2019-10-02 11:45:00.000000');
INSERT INTO public.booking (booking_id, createdby, createddate, isdeleted, lastedmodifiedby, lastedmodifieddate, bookingdate, bookingtime, customerid, description, isconfirmed, medicalshopid, purpose, startdate) VALUES ('booking3', null, null, false, null, null, null, null, 'user3', 'New Booking new', true, 'medical_shop2', 'Booking kham benh ne', '2022-09-24 18:45:00.000000');
INSERT INTO public.booking (booking_id, createdby, createddate, isdeleted, lastedmodifiedby, lastedmodifieddate, bookingdate, bookingtime, customerid, description, isconfirmed, medicalshopid, purpose, startdate) VALUES ('booking5', null, null, false, null, null, null, null, 'user3', 'New Booking new', false, 'medical_shop2', 'Booking kham benh ne', '2022-09-24 18:45:01.000000');
INSERT INTO public.booking (booking_id, createdby, createddate, isdeleted, lastedmodifiedby, lastedmodifieddate, bookingdate, bookingtime, customerid, description, isconfirmed, medicalshopid, purpose, startdate) VALUES ('booking6', null, null, false, null, null, null, null, 'user3', 'New Booking new', false, 'medical_shop2', 'Booking kham benh ne', '2022-09-24 07:45:00.000000');

-- MEDICAL-SHOP
-- goods
INSERT INTO public.goods (goods_id, createdby, createddate, isdeleted, lastedmodifiedby, lastedmodifieddate, goodsname, goodsurlimage, medical_shop_id, price, quantity) VALUES ('goods1', null, null, false, null, null, 'Thuoc Tieu Hoa', 'https://s3.ap-southeast-1.amazonaws.com/odc19/1662894362524-BingImageOfTheDay.jpg', 'medical_shop1', '100', '10');
INSERT INTO public.goods (goods_id, createdby, createddate, isdeleted, lastedmodifiedby, lastedmodifieddate, goodsname, goodsurlimage, medical_shop_id, price, quantity) VALUES ('goods2', null, null, false, null, null, 'Thuoc An Than', null, 'medical_shop1', '120', '2');
-- medicalshop
INSERT INTO public.medicalshop (medical_shop_id, createdby, createddate, isdeleted, lastedmodifiedby, lastedmodifieddate, detailaddress, latitude, longitude, medicalshopname, postcode, streetnumber, ownerid, medicalshopurlimage) VALUES ('medical_shop12', null, null, false, null, null, 'Cửa Đại, Cẩm Châu, Hội An, Quảng Nam, Vietnam', 15.8797625, 108.3368599, 'Tp. Hội An3', '560000', '566', 'user2', 'https://s3.ap-southeast-1.amazonaws.com/odc19/1662894362524-BingImageOfTheDay.jpg');
INSERT INTO public.medicalshop (medical_shop_id, createdby, createddate, isdeleted, lastedmodifiedby, lastedmodifieddate, detailaddress, latitude, longitude, medicalshopname, postcode, streetnumber, ownerid, medicalshopurlimage) VALUES ('medical_shop11', null, null, false, null, null, 'Cửa Đại, Cẩm Châu, Hội An, Quảng Nam, Vietnam', 15.8797625, 108.3368599, 'Tp. Hội An3', '560000', '566', 'user2', 'https://s3.ap-southeast-1.amazonaws.com/odc19/1662894362524-BingImageOfTheDay.jpg');
INSERT INTO public.medicalshop (medical_shop_id, createdby, createddate, isdeleted, lastedmodifiedby, lastedmodifieddate, detailaddress, latitude, longitude, medicalshopname, postcode, streetnumber, ownerid, medicalshopurlimage) VALUES ('medical_shop14', null, null, false, null, null, 'Cửa Đại, Cẩm Châu, Hội An, Quảng Nam, Vietnam', 15.8797625, 108.3368599, 'Tp. Hội An3', '560000', '566', 'user2', 'https://s3.ap-southeast-1.amazonaws.com/odc19/1662894362524-BingImageOfTheDay.jpg');
INSERT INTO public.medicalshop (medical_shop_id, createdby, createddate, isdeleted, lastedmodifiedby, lastedmodifieddate, detailaddress, latitude, longitude, medicalshopname, postcode, streetnumber, ownerid, medicalshopurlimage) VALUES ('medical_shop13', null, null, false, null, null, 'Cửa Đại, Cẩm Châu, Hội An, Quảng Nam, Vietnam', 15.8797625, 108.3368599, 'Tp. Hội An3', '560000', '566', 'user2', 'https://s3.ap-southeast-1.amazonaws.com/odc19/1662894362524-BingImageOfTheDay.jpg');
INSERT INTO public.medicalshop (medical_shop_id, createdby, createddate, isdeleted, lastedmodifiedby, lastedmodifieddate, detailaddress, latitude, longitude, medicalshopname, postcode, streetnumber, ownerid, medicalshopurlimage) VALUES ('medical_shop1', null, null, false, null, null, 'Xô Viết Nghệ Tĩnh, Hòa Cường Nam, Hải Châu, Đà Nẵng', 16.0321087, 108.2210617, 'Đại học Đông Á', '550000', '33', 'user1', 'https://s3.ap-southeast-1.amazonaws.com/odc19/1662894362524-BingImageOfTheDay.jpg');
INSERT INTO public.medicalshop (medical_shop_id, createdby, createddate, isdeleted, lastedmodifiedby, lastedmodifieddate, detailaddress, latitude, longitude, medicalshopname, postcode, streetnumber, ownerid, medicalshopurlimage) VALUES ('medical_shop10', null, null, false, null, null, 'Cửa Đại, Cẩm Châu, Hội An, Quảng Nam, Vietnam', 15.8797625, 108.3368599, 'Tp. Hội An3', '560000', '566', 'user2', 'https://s3.ap-southeast-1.amazonaws.com/odc19/1662894362524-BingImageOfTheDay.jpg');
INSERT INTO public.medicalshop (medical_shop_id, createdby, createddate, isdeleted, lastedmodifiedby, lastedmodifieddate, detailaddress, latitude, longitude, medicalshopname, postcode, streetnumber, ownerid, medicalshopurlimage) VALUES ('medical_shop3', null, null, false, null, null, 'Ngô Quyền, Đà Nẵng', 16.0822287, 108.2359371, 'Đại học Greenwich Việt Nam', '550000', '658', 'user2', 'https://s3.ap-southeast-1.amazonaws.com/odc19/1662894362524-BingImageOfTheDay.jpg');
INSERT INTO public.medicalshop (medical_shop_id, createdby, createddate, isdeleted, lastedmodifiedby, lastedmodifieddate, detailaddress, latitude, longitude, medicalshopname, postcode, streetnumber, ownerid, medicalshopurlimage) VALUES ('medical_shop2', null, null, false, null, null, 'Xô Viết Nghệ Tĩnh, Hòa Cường Nam, Hải Châu, Đà Nẵng', 16.0320289, 108.2213025, 'Đại học Đông Á', '550000', '33', 'user1', 'https://s3.ap-southeast-1.amazonaws.com/odc19/1662894362524-BingImageOfTheDay.jpg');
INSERT INTO public.medicalshop (medical_shop_id, createdby, createddate, isdeleted, lastedmodifiedby, lastedmodifieddate, detailaddress, latitude, longitude, medicalshopname, postcode, streetnumber, ownerid, medicalshopurlimage) VALUES ('medical_shop9', null, null, false, null, null, 'Cửa Đại, Cẩm Châu, Hội An, Quảng Nam, Vietnam', 15.8797625, 108.3368599, 'Tp. Hội An2', '560000', '566', 'user2', 'https://s3.ap-southeast-1.amazonaws.com/odc19/1662894362524-BingImageOfTheDay.jpg');
INSERT INTO public.medicalshop (medical_shop_id, createdby, createddate, isdeleted, lastedmodifiedby, lastedmodifieddate, detailaddress, latitude, longitude, medicalshopname, postcode, streetnumber, ownerid, medicalshopurlimage) VALUES ('medical_shop8', null, null, false, null, null, 'Cửa Đại, Cẩm Châu, Hội An, Quảng Nam, Vietnam', 15.8797625, 108.3368599, 'Tp. Hội An2', '560000', '566', 'user2', 'https://s3.ap-southeast-1.amazonaws.com/odc19/1662894362524-BingImageOfTheDay.jpg');
INSERT INTO public.medicalshop (medical_shop_id, createdby, createddate, isdeleted, lastedmodifiedby, lastedmodifieddate, detailaddress, latitude, longitude, medicalshopname, postcode, streetnumber, ownerid, medicalshopurlimage) VALUES ('medical_shop5', null, null, false, null, null, 'Cửa Đại, Cẩm Châu, Hội An, Quảng Nam, Vietnam', 15.8798004, 108.336908, 'Tp. Hội An', '560000', '566', 'user2', 'https://s3.ap-southeast-1.amazonaws.com/odc19/1662894362524-BingImageOfTheDay.jpg');
INSERT INTO public.medicalshop (medical_shop_id, createdby, createddate, isdeleted, lastedmodifiedby, lastedmodifieddate, detailaddress, latitude, longitude, medicalshopname, postcode, streetnumber, ownerid, medicalshopurlimage) VALUES ('medical_shop4', null, null, false, null, null, 'Cửa Đại, Cẩm Châu, Hội An, Quảng Nam, Vietnam', 15.8798004, 108.336908, 'Tp. Hội An', '560000', '566', 'user2', 'https://s3.ap-southeast-1.amazonaws.com/odc19/1662894362524-BingImageOfTheDay.jpg');
INSERT INTO public.medicalshop (medical_shop_id, createdby, createddate, isdeleted, lastedmodifiedby, lastedmodifieddate, detailaddress, latitude, longitude, medicalshopname, postcode, streetnumber, ownerid, medicalshopurlimage) VALUES ('medical_shop7', null, null, false, null, null, 'Cửa Đại, Cẩm Châu, Hội An, Quảng Nam, Vietnam', 15.8797625, 108.3368599, 'Tp. Hội An2', '560000', '566', 'user2', 'https://s3.ap-southeast-1.amazonaws.com/odc19/1662894362524-BingImageOfTheDay.jpg');
INSERT INTO public.medicalshop (medical_shop_id, createdby, createddate, isdeleted, lastedmodifiedby, lastedmodifieddate, detailaddress, latitude, longitude, medicalshopname, postcode, streetnumber, ownerid, medicalshopurlimage) VALUES ('medical_shop6', null, null, false, null, null, 'Cửa Đại, Cẩm Châu, Hội An, Quảng Nam, Vietnam', 15.8797625, 108.3368599, 'Tp. Hội An2', '560000', '566', 'user2', 'https://s3.ap-southeast-1.amazonaws.com/odc19/1662894362524-BingImageOfTheDay.jpg');

-- NOTIFICATION
INSERT INTO public.notification (notification_id, createdby, createddate, is_deleted, lastedmodifiedby, lastedmodifieddate, message, sender, sent_at, to_customer_email, to_customer_id, type_of_message) VALUES ('notification1', null, null, false, null, null, null, null, '2022-09-25 15:26:24.960000', 'daotanhai123@gmail.com', 'user48', 'billPaymentConfirmed');
INSERT INTO public.notification (notification_id, createdby, createddate, is_deleted, lastedmodifiedby, lastedmodifieddate, message, sender, sent_at, to_customer_email, to_customer_id, type_of_message) VALUES ('notification2', null, null, false, null, null, null, null, '2022-09-25 15:26:25.291000', 'daotanhai123@gmail.com', 'user3', 'billPaymentConfirmed');
INSERT INTO public.notification (notification_id, createdby, createddate, is_deleted, lastedmodifiedby, lastedmodifieddate, message, sender, sent_at, to_customer_email, to_customer_id, type_of_message) VALUES ('notification3', null, null, false, null, null, null, null, '2022-09-25 15:26:25.309000', 'daotanhai123@gmail.com', 'user48', 'billPaymentConfirmed');
INSERT INTO public.notification (notification_id, createdby, createddate, is_deleted, lastedmodifiedby, lastedmodifieddate, message, sender, sent_at, to_customer_email, to_customer_id, type_of_message) VALUES ('notification4', null, null, false, null, null, null, null, '2022-09-25 15:26:25.321000', 'daotanhai123@gmail.com', 'user3', 'billPaymentConfirmed');
INSERT INTO public.notification (notification_id, createdby, createddate, is_deleted, lastedmodifiedby, lastedmodifieddate, message, sender, sent_at, to_customer_email, to_customer_id, type_of_message) VALUES ('notification5', null, null, false, null, null, null, null, '2022-09-25 15:26:25.347000', 'daotanhai123@gmail.com', 'user48', 'billPaymentConfirmed');
INSERT INTO public.notification (notification_id, createdby, createddate, is_deleted, lastedmodifiedby, lastedmodifieddate, message, sender, sent_at, to_customer_email, to_customer_id, type_of_message) VALUES ('notification6', null, null, false, null, null, null, null, '2022-09-25 15:26:25.359000', 'daotanhai123@gmail.com', 'user3', 'billPaymentConfirmed');
INSERT INTO public.notification (notification_id, createdby, createddate, is_deleted, lastedmodifiedby, lastedmodifieddate, message, sender, sent_at, to_customer_email, to_customer_id, type_of_message) VALUES ('notification7', null, null, false, null, null, null, null, '2022-09-25 15:26:25.389000', 'daotanhai123@gmail.com', 'user48', 'billPaymentConfirmed');
INSERT INTO public.notification (notification_id, createdby, createddate, is_deleted, lastedmodifiedby, lastedmodifieddate, message, sender, sent_at, to_customer_email, to_customer_id, type_of_message) VALUES ('notification8', null, null, false, null, null, null, null, '2022-09-25 15:26:25.403000', 'daotanhai123@gmail.com', 'user3', 'billPaymentConfirmed');
INSERT INTO public.notification (notification_id, createdby, createddate, is_deleted, lastedmodifiedby, lastedmodifieddate, message, sender, sent_at, to_customer_email, to_customer_id, type_of_message) VALUES ('notification9', null, null, false, null, null, null, null, '2022-09-25 15:26:25.417000', 'daotanhai123@gmail.com', 'user48', 'billPaymentConfirmed');
INSERT INTO public.notification (notification_id, createdby, createddate, is_deleted, lastedmodifiedby, lastedmodifieddate, message, sender, sent_at, to_customer_email, to_customer_id, type_of_message) VALUES ('notification10', null, null, false, null, null, null, null, '2022-09-25 15:26:25.430000', 'daotanhai123@gmail.com', 'user3', 'billPaymentConfirmed');
INSERT INTO public.notification (notification_id, createdby, createddate, is_deleted, lastedmodifiedby, lastedmodifieddate, message, sender, sent_at, to_customer_email, to_customer_id, type_of_message) VALUES ('notification11', null, null, false, null, null, null, null, '2022-09-25 15:26:25.442000', 'daotanhai123@gmail.com', 'user48', 'billPaymentConfirmed');
INSERT INTO public.notification (notification_id, createdby, createddate, is_deleted, lastedmodifiedby, lastedmodifieddate, message, sender, sent_at, to_customer_email, to_customer_id, type_of_message) VALUES ('notification12', null, null, false, null, null, null, null, '2022-09-25 15:26:25.453000', 'daotanhai123@gmail.com', 'user3', 'billPaymentConfirmed');
INSERT INTO public.notification (notification_id, createdby, createddate, is_deleted, lastedmodifiedby, lastedmodifieddate, message, sender, sent_at, to_customer_email, to_customer_id, type_of_message) VALUES ('notification13', null, null, false, null, null, null, null, '2022-09-25 15:26:25.464000', 'daotanhai123@gmail.com', 'user48', 'billPaymentConfirmed');
INSERT INTO public.notification (notification_id, createdby, createddate, is_deleted, lastedmodifiedby, lastedmodifieddate, message, sender, sent_at, to_customer_email, to_customer_id, type_of_message) VALUES ('notification14', null, null, false, null, null, null, null, '2022-09-25 15:26:25.477000', 'daotanhai123@gmail.com', 'user3', 'billPaymentConfirmed');
INSERT INTO public.notification (notification_id, createdby, createddate, is_deleted, lastedmodifiedby, lastedmodifieddate, message, sender, sent_at, to_customer_email, to_customer_id, type_of_message) VALUES ('notification15', null, null, false, null, null, null, null, '2022-09-25 15:26:25.505000', 'daotanhai123@gmail.com', 'user48', 'billPaymentConfirmed');
INSERT INTO public.notification (notification_id, createdby, createddate, is_deleted, lastedmodifiedby, lastedmodifieddate, message, sender, sent_at, to_customer_email, to_customer_id, type_of_message) VALUES ('notification16', null, null, false, null, null, null, null, '2022-09-25 15:26:25.534000', 'daotanhai123@gmail.com', 'user3', 'billPaymentConfirmed');
INSERT INTO public.notification (notification_id, createdby, createddate, is_deleted, lastedmodifiedby, lastedmodifieddate, message, sender, sent_at, to_customer_email, to_customer_id, type_of_message) VALUES ('notification17', null, null, false, null, null, null, null, '2022-09-25 15:26:25.546000', 'daotanhai123@gmail.com', 'user48', 'billPaymentConfirmed');
INSERT INTO public.notification (notification_id, createdby, createddate, is_deleted, lastedmodifiedby, lastedmodifieddate, message, sender, sent_at, to_customer_email, to_customer_id, type_of_message) VALUES ('notification18', null, null, false, null, null, null, null, '2022-09-25 15:26:25.557000', 'daotanhai123@gmail.com', 'user3', 'billPaymentConfirmed');
INSERT INTO public.notification (notification_id, createdby, createddate, is_deleted, lastedmodifiedby, lastedmodifieddate, message, sender, sent_at, to_customer_email, to_customer_id, type_of_message) VALUES ('notification19', null, null, false, null, null, null, null, '2022-09-25 15:26:25.599000', 'daotanhai123@gmail.com', 'user48', 'billPaymentConfirmed');
INSERT INTO public.notification (notification_id, createdby, createddate, is_deleted, lastedmodifiedby, lastedmodifieddate, message, sender, sent_at, to_customer_email, to_customer_id, type_of_message) VALUES ('notification20', null, null, false, null, null, null, null, '2022-09-25 15:26:25.617000', 'daotanhai123@gmail.com', 'user3', 'billPaymentConfirmed');
INSERT INTO public.notification (notification_id, createdby, createddate, is_deleted, lastedmodifiedby, lastedmodifieddate, message, sender, sent_at, to_customer_email, to_customer_id, type_of_message) VALUES ('notification21', null, null, false, null, null, null, null, '2022-09-25 15:26:25.640000', 'daotanhai123@gmail.com', 'user48', 'billPaymentConfirmed');
INSERT INTO public.notification (notification_id, createdby, createddate, is_deleted, lastedmodifiedby, lastedmodifieddate, message, sender, sent_at, to_customer_email, to_customer_id, type_of_message) VALUES ('notification22', null, null, false, null, null, null, null, '2022-09-25 15:26:25.654000', 'daotanhai123@gmail.com', 'user3', 'billPaymentConfirmed');
INSERT INTO public.notification (notification_id, createdby, createddate, is_deleted, lastedmodifiedby, lastedmodifieddate, message, sender, sent_at, to_customer_email, to_customer_id, type_of_message) VALUES ('notification23', null, null, false, null, null, null, null, '2022-09-25 15:26:25.667000', 'daotanhai123@gmail.com', 'user48', 'billPaymentConfirmed');
INSERT INTO public.notification (notification_id, createdby, createddate, is_deleted, lastedmodifiedby, lastedmodifieddate, message, sender, sent_at, to_customer_email, to_customer_id, type_of_message) VALUES ('notification24', null, null, false, null, null, null, null, '2022-09-25 15:26:25.679000', 'daotanhai123@gmail.com', 'user3', 'billPaymentConfirmed');
INSERT INTO public.notification (notification_id, createdby, createddate, is_deleted, lastedmodifiedby, lastedmodifieddate, message, sender, sent_at, to_customer_email, to_customer_id, type_of_message) VALUES ('notification25', null, null, false, null, null, null, null, '2022-09-25 15:26:25.692000', 'daotanhai123@gmail.com', 'user48', 'billPaymentConfirmed');
INSERT INTO public.notification (notification_id, createdby, createddate, is_deleted, lastedmodifiedby, lastedmodifieddate, message, sender, sent_at, to_customer_email, to_customer_id, type_of_message) VALUES ('notification26', null, null, false, null, null, null, null, '2022-09-25 15:26:25.703000', 'daotanhai123@gmail.com', 'user3', 'billPaymentConfirmed');
INSERT INTO public.notification (notification_id, createdby, createddate, is_deleted, lastedmodifiedby, lastedmodifieddate, message, sender, sent_at, to_customer_email, to_customer_id, type_of_message) VALUES ('notification27', null, null, false, null, null, null, null, '2022-09-25 15:26:25.714000', 'daotanhai123@gmail.com', 'user48', 'billPaymentConfirmed');
INSERT INTO public.notification (notification_id, createdby, createddate, is_deleted, lastedmodifiedby, lastedmodifieddate, message, sender, sent_at, to_customer_email, to_customer_id, type_of_message) VALUES ('notification28', null, null, false, null, null, null, null, '2022-09-25 15:26:25.725000', 'daotanhai123@gmail.com', 'user3', 'billPaymentConfirmed');
INSERT INTO public.notification (notification_id, createdby, createddate, is_deleted, lastedmodifiedby, lastedmodifieddate, message, sender, sent_at, to_customer_email, to_customer_id, type_of_message) VALUES ('notification29', null, null, false, null, null, null, null, '2022-09-25 15:26:25.739000', 'daotanhai123@gmail.com', 'user48', 'billPaymentConfirmed');
INSERT INTO public.notification (notification_id, createdby, createddate, is_deleted, lastedmodifiedby, lastedmodifieddate, message, sender, sent_at, to_customer_email, to_customer_id, type_of_message) VALUES ('notification30', null, null, false, null, null, null, null, '2022-09-25 15:26:25.751000', 'daotanhai123@gmail.com', 'user3', 'billPaymentConfirmed');
INSERT INTO public.notification (notification_id, createdby, createddate, is_deleted, lastedmodifiedby, lastedmodifieddate, message, sender, sent_at, to_customer_email, to_customer_id, type_of_message) VALUES ('notification31', null, null, false, null, null, null, null, '2022-09-25 15:26:25.763000', 'daotanhai123@gmail.com', 'user48', 'billPaymentConfirmed');
INSERT INTO public.notification (notification_id, createdby, createddate, is_deleted, lastedmodifiedby, lastedmodifieddate, message, sender, sent_at, to_customer_email, to_customer_id, type_of_message) VALUES ('notification32', null, null, false, null, null, null, null, '2022-09-25 15:26:25.775000', 'daotanhai123@gmail.com', 'user3', 'billPaymentConfirmed');
INSERT INTO public.notification (notification_id, createdby, createddate, is_deleted, lastedmodifiedby, lastedmodifieddate, message, sender, sent_at, to_customer_email, to_customer_id, type_of_message) VALUES ('notification33', null, null, false, null, null, null, null, '2022-09-25 15:26:25.785000', 'daotanhai123@gmail.com', 'user48', 'billPaymentConfirmed');
INSERT INTO public.notification (notification_id, createdby, createddate, is_deleted, lastedmodifiedby, lastedmodifieddate, message, sender, sent_at, to_customer_email, to_customer_id, type_of_message) VALUES ('notification34', null, null, false, null, null, null, null, '2022-09-25 15:26:25.795000', 'daotanhai123@gmail.com', 'user3', 'billPaymentConfirmed');
INSERT INTO public.notification (notification_id, createdby, createddate, is_deleted, lastedmodifiedby, lastedmodifieddate, message, sender, sent_at, to_customer_email, to_customer_id, type_of_message) VALUES ('notification35', null, null, false, null, null, null, null, '2022-09-25 15:26:25.804000', 'daotanhai123@gmail.com', 'user48', 'billPaymentConfirmed');
INSERT INTO public.notification (notification_id, createdby, createddate, is_deleted, lastedmodifiedby, lastedmodifieddate, message, sender, sent_at, to_customer_email, to_customer_id, type_of_message) VALUES ('notification36', null, null, false, null, null, null, null, '2022-09-25 15:26:25.812000', 'daotanhai123@gmail.com', 'user3', 'billPaymentConfirmed');
INSERT INTO public.notification (notification_id, createdby, createddate, is_deleted, lastedmodifiedby, lastedmodifieddate, message, sender, sent_at, to_customer_email, to_customer_id, type_of_message) VALUES ('notification37', null, null, false, null, null, null, null, '2022-09-25 15:26:25.821000', 'daotanhai123@gmail.com', 'user48', 'billPaymentConfirmed');
INSERT INTO public.notification (notification_id, createdby, createddate, is_deleted, lastedmodifiedby, lastedmodifieddate, message, sender, sent_at, to_customer_email, to_customer_id, type_of_message) VALUES ('notification38', null, null, false, null, null, null, null, '2022-09-25 15:26:25.830000', 'daotanhai123@gmail.com', 'user3', 'billPaymentConfirmed');
INSERT INTO public.notification (notification_id, createdby, createddate, is_deleted, lastedmodifiedby, lastedmodifieddate, message, sender, sent_at, to_customer_email, to_customer_id, type_of_message) VALUES ('notification39', null, null, false, null, null, null, null, '2022-09-25 15:26:25.839000', 'daotanhai123@gmail.com', 'user48', 'billPaymentConfirmed');
INSERT INTO public.notification (notification_id, createdby, createddate, is_deleted, lastedmodifiedby, lastedmodifieddate, message, sender, sent_at, to_customer_email, to_customer_id, type_of_message) VALUES ('notification40', null, null, false, null, null, null, null, '2022-09-25 15:26:25.852000', 'daotanhai123@gmail.com', 'user3', 'billPaymentConfirmed');

-- RATING
INSERT INTO public.rating (rating_id, createdby, createddate, isdeleted, lastedmodifiedby, lastedmodifieddate, comment, customerid, feedbackpictureurl, medicalshopid, numberofstartonmedicalshop, numberofstartonshipper, shipperid, commentonmedicalshop, commentonshipper, billid, bookingid) VALUES ('rating1', null, null, false, null, null, null, 'user3', null, 'medical_shop5', 5, 5, 'user3', 'shop rat ok', 'shipper rat nice', null, null);
INSERT INTO public.rating (rating_id, createdby, createddate, isdeleted, lastedmodifiedby, lastedmodifieddate, comment, customerid, feedbackpictureurl, medicalshopid, numberofstartonmedicalshop, numberofstartonshipper, shipperid, commentonmedicalshop, commentonshipper, billid, bookingid) VALUES ('rating2', null, null, false, null, null, null, 'user3', null, 'medical_shop5', 5, 5, 'user3', 'shop rat ok', 'shipper rat nice', null, null);

